meaning,word1,word2,word3,word4
Consider the claim: This research has important implications for X. Compare which option gives stronger versus weaker evidential support.,clearly,prove,show,obvious
Consider the claim: This research has important implications for X. Compare which option gives stronger versus weaker evidential support.,evidently,demonstrate,seem,clearly
Consider the claim: This research has important implications for X. Compare which option gives stronger versus weaker evidential support.,demonstrate,clear,imply,apparently
Consider the claim: This research has important implications for X. Compare which option gives stronger versus weaker evidential support.,appear,suggest,support,evidently
Consider the claim: This research has important implications for X. Compare which option gives stronger versus weaker evidential support.,obvious,indicate,are consistent with,confirm
Consider the claim: This research has important implications for X. Compare which option gives stronger versus weaker evidential support.,indicate,provide evidence,seem,apparent
Consider the claim: This research has important implications for X. Compare which option gives stronger versus weaker evidential support.,obvious,imply,evident,seem
Consider the claim: This research has important implications for X. Compare which option gives stronger versus weaker evidential support.,are consistent with,evident,show,appear
Consider the claim: This research has important implications for X. Compare which option gives stronger versus weaker evidential support.,prove,indicate,reveal,suggest
Consider the claim: This research has important implications for X. Compare which option gives stronger versus weaker evidential support.,evident,support,provide evidence,highlight
Consider the claim: This research has important implications for X. Compare which option gives stronger versus weaker evidential support.,confirm,show,establish,highlight
Consider the claim: This research has important implications for X. Compare which option gives stronger versus weaker evidential support.,reveal,apparent,establish,find
Consider the claim: This research has important implications for X. Compare which option gives stronger versus weaker evidential support.,are consistent with,suggest,apparent,imply
Consider the claim: This research has important implications for X. Compare which option gives stronger versus weaker evidential support.,imply,highlight,reveal,obviously
Consider the claim: This research has important implications for X. Compare which option gives stronger versus weaker evidential support.,establish,support,clear,indicate
Consider the claim: This research has important implications for X. Compare which option gives stronger versus weaker evidential support.,apparently,appear,clearly,apparent
Consider the claim: This research has important implications for X. Compare which option gives stronger versus weaker evidential support.,highlight,obvious,evidently,find
Consider the claim: This research has important implications for X. Compare which option gives stronger versus weaker evidential support.,apparently,reveal,provide evidence,evidently
Consider the claim: This research has important implications for X. Compare which option gives stronger versus weaker evidential support.,suggest,find,obviously,apparently
Consider the claim: This research has important implications for X. Compare which option gives stronger versus weaker evidential support.,establish,demonstrate,appear,prove
Consider the claim: This research has important implications for X. Compare which option gives stronger versus weaker evidential support.,find,seem,clear,show
Consider the claim: This research has important implications for X. Compare which option gives stronger versus weaker evidential support.,obviously,demonstrate,provide evidence,confirm
Consider the claim: This research has important implications for X. Compare which option gives stronger versus weaker evidential support.,clearly,support,are consistent with,obviously
Consider the claim: This research has important implications for X. Compare which option gives stronger versus weaker evidential support.,confirm,evident,clear,prove
