meaning,word1,word2,word3,word4
UTILITY: Promotes usefulness,practicable,transferable,optimal,self-explanatory
UTILITY: Promotes usefulness,timely,transferable,transformative,ineffective
UTILITY: Promotes usefulness,valuable,transferable,sustainable,safer
UTILITY: Promotes usefulness,well-timed,transferable,easy-to-use,impactful
UTILITY: Promotes usefulness,transformative,impactful,optimal,safer
UTILITY: Promotes usefulness,valuable,timely,easy-to-use,optimal
UTILITY: Promotes usefulness,timely,sustainable,impactful,self-explanatory
UTILITY: Promotes usefulness,practicable,transformative,easy-to-use,sustainable
UTILITY: Promotes usefulness,ineffective,easy-to-use,safer,self-explanatory
UTILITY: Promotes usefulness,valuable,practicable,ineffective,impactful
UTILITY: Promotes usefulness,valuable,well-timed,transformative,self-explanatory
UTILITY: Promotes usefulness,well-timed,practicable,timely,safer
UTILITY: Promotes usefulness,well-timed,ineffective,sustainable,optimal
UTILITY: Promotes usefulness,adequate,simple,opportune,accessible
UTILITY: Promotes usefulness,ineffective,simple,synergistic,ideal
UTILITY: Promotes usefulness,durable,simple,concrete,easy
UTILITY: Promotes usefulness,useful,simple,meaningful,expandable
UTILITY: Promotes usefulness,synergistic,expandable,opportune,easy
UTILITY: Promotes usefulness,durable,ineffective,meaningful,opportune
UTILITY: Promotes usefulness,useless,ineffective,impractical,transformative
UTILITY: Promotes usefulness,ineffective,concrete,expandable,accessible
UTILITY: Promotes usefulness,adequate,synergistic,meaningful,concrete
UTILITY: Promotes usefulness,ideal,meaningful,easy,accessible
UTILITY: Promotes usefulness,durable,adequate,ideal,expandable
UTILITY: Promotes usefulness,durable,useful,synergistic,accessible
UTILITY: Promotes usefulness,useful,adequate,ineffective,easy
UTILITY: Promotes usefulness,useful,ideal,concrete,opportune
UTILITY: Promotes usefulness,tangible,fruitful,tactical,user-friendly
UTILITY: Promotes usefulness,constructive,fruitful,transformative,adequate
UTILITY: Promotes usefulness,maintainable,fruitful,deployable,productive
UTILITY: Promotes usefulness,generalizable,fruitful,high-performance,streamlined
UTILITY: Promotes usefulness,transformative,streamlined,tactical,productive
UTILITY: Promotes usefulness,maintainable,constructive,high-performance,tactical
UTILITY: Promotes usefulness,constructive,deployable,streamlined,user-friendly
UTILITY: Promotes usefulness,tangible,transformative,high-performance,deployable
UTILITY: Promotes usefulness,adequate,high-performance,productive,user-friendly
UTILITY: Promotes usefulness,maintainable,tangible,adequate,streamlined
UTILITY: Promotes usefulness,maintainable,generalizable,transformative,user-friendly
UTILITY: Promotes usefulness,generalizable,tangible,constructive,productive
UTILITY: Promotes usefulness,generalizable,adequate,deployable,tactical
UTILITY: Promotes usefulness,high-performing,actionable,straightforward,economical
UTILITY: Promotes usefulness,dependable,actionable,transformative,ineffective
UTILITY: Promotes usefulness,perfect,excellent,outstanding,useless
UTILITY: Promotes usefulness,perfect,actionable,implementable,rich
UTILITY: Promotes usefulness,seamless,actionable,usable,adaptable
UTILITY: Promotes usefulness,transformative,adaptable,straightforward,rich
UTILITY: Promotes usefulness,perfect,dependable,usable,straightforward
UTILITY: Promotes usefulness,dependable,implementable,adaptable,economical
UTILITY: Promotes usefulness,high-performing,transformative,usable,implementable
UTILITY: Promotes usefulness,ineffective,usable,rich,economical
UTILITY: Promotes usefulness,perfect,high-performing,ineffective,adaptable
UTILITY: Promotes usefulness,perfect,seamless,transformative,economical
UTILITY: Promotes usefulness,seamless,high-performing,dependable,rich
UTILITY: Promotes usefulness,seamless,ineffective,implementable,straightforward
UTILITY: Promotes usefulness,adequate,ineffective,high-yielding,practical
UTILITY: Promotes usefulness,efficacious,ineffective,effective,purposeful
UTILITY: Promotes usefulness,efficacious,ineffective,high-yielding,practical
UTILITY: Promotes usefulness,ineffective,effective,high-yielding,extensible
UTILITY: Promotes usefulness,efficacious,adequate,high-yielding,purposeful
UTILITY: Promotes usefulness,adequate,effective,extensible,practical
UTILITY: Promotes usefulness,ineffective,effective,purposeful,practical
UTILITY: Promotes usefulness,efficacious,adequate,ineffective,extensible
UTILITY: Promotes usefulness,high-yielding,purposeful,extensible,practical
UTILITY: Promotes usefulness,efficacious,adequate,effective,practical
UTILITY: Promotes usefulness,adequate,effective,high-yielding,purposeful
UTILITY: Promotes usefulness,efficacious,effective,high-yielding,extensible
UTILITY: Promotes usefulness,efficacious,purposeful,extensible,practical
UTILITY: Promotes usefulness,adequate,ineffective,purposeful,extensible
UTILITY: Promotes usefulness,scalable,efficient,adequate,intuitive
UTILITY: Promotes usefulness,ready,efficient,transformative,tailored
UTILITY: Promotes usefulness,ready,efficient,adequate,intuitive
UTILITY: Promotes usefulness,efficient,transformative,adequate,viable
UTILITY: Promotes usefulness,ready,scalable,adequate,tailored
UTILITY: Promotes usefulness,scalable,transformative,viable,intuitive
UTILITY: Promotes usefulness,efficient,transformative,tailored,intuitive
UTILITY: Promotes usefulness,ready,scalable,efficient,viable
UTILITY: Promotes usefulness,adequate,tailored,viable,intuitive
UTILITY: Promotes usefulness,ready,scalable,transformative,intuitive
UTILITY: Promotes usefulness,scalable,transformative,adequate,tailored
UTILITY: Promotes usefulness,ready,transformative,adequate,viable
UTILITY: Promotes usefulness,ready,tailored,viable,intuitive
UTILITY: Promotes usefulness,scalable,efficient,tailored,viable